id,cat,title,img,link,sold
40604188350,ao,[Phiên Bản Nâng Cấp Cleanfit] Áo Thun NOWHERE Form Relaxfit,https://down-vn.img.susercontent.com/vn-11134207-7ras8-mavn1mu2nsgna8.webp,https://s.shopee.vn/9APADKBeL2,30k+
27210508675,quan,WIDE STRAIGHT JEANS WHOSE,https://down-vn.img.susercontent.com/file/vn-11134207-820l4-mh8yhh5s5fygae.webp,https://s.shopee.vn/5LCRB2oS2m,500k+
27152066114,ao,Áo Phông - LOGO TEE - De Basé,https://down-vn.img.susercontent.com/vn-11134207-7ra0g-m7gpsalk3c9k0b.webp,https://s.shopee.vn/6VOP8pvluP,10k+
24945750492,ao,"Áo Khoác Da Biker COOLCREW Phong Cách Thời Trang Cổ Điển Cho Nam Nữ, Basic, Đường Phố AKD051",https://down-vn.img.susercontent.com/vn-11134207-81ztc-mt6eviychz4143.webp,https://s.shopee.vn/W7Bzu8DOX,7k+
27358900609,quan,"Quần Vải Kaki Dù Xếp Ly Ống Rộng, Quần Dài From Rộng Dáng Suông Chất Liệu Mềm Mại Thoáng Mát By Zonef Official ( QKK )",https://down-vn.img.susercontent.com/vn-11134207-7ras8-mcd1phsdlvlx90.webp,https://s.shopee.vn/8AWd84LPUZ,100k+
46453199669,ao,SYM420 HOODIE-ZIP 420GSM - Áo khoác nỉ chân cua Dây kéo kim loại Whose Studio,https://down-vn.img.susercontent.com/file/vn-11134207-820l4-mibwmzlmmjuu6d@resize_w640_nl.webp,https://s.shopee.vn/7Ae5xE8pnC,90k+
41428538666,ao,MONO WHISPER LONGSLEEVE - Áo tay dài form rộng 280GSM Whose Studio nam nữ,https://down-vn.img.susercontent.com/file/vn-11134207-81ztc-mk8f7pe3uo0426@resize_w640_nl.webp,https://s.shopee.vn/70Kfkv9T8B,10k+
22553957706,quan,Quần jean nam SUÔNG ống rộng form rộng lưng cao RETRO WASH FABUMAN chất bò co giãn bigsize,https://down-vn.img.susercontent.com/file/vn-11134207-7ras8-mcczhgt9kfhf7d@resize_w640_nl.webp,https://s.shopee.vn/6AlYlOCdp2,50k+
29007772215,ao,Áo Khoác Kaki Có Cúc GODMOTHER Jacket Form Crop Lửng Unisex Cổ Bẻ Basic Thanh Lịch,https://down-vn.img.susercontent.com/file/vn-11134207-81ztc-mqej9a33hatp1b@resize_w640_nl.webp,https://s.shopee.vn/60S8Z5DHA1,30k+
41673081259,ao,Áo Len Dệt Boxy Unisex GODMOTHER 2026 KWF25001,https://down-vn.img.susercontent.com/file/vn-11134207-81ztc-mqelvucrovepe6@resize_w640_nl.webp,https://s.shopee.vn/6VOPA0BN98,5k+
19787998337,ao,Áo Thun Trơn Cotton 250gsm GODMOTHER Premium Full Color Cổ Tròn Nam Nữ,https://down-vn.img.susercontent.com/file/vn-11134207-7r98o-lve2hc8ryz6593@resize_w640_nl.webp,https://s.shopee.vn/6L4yxhC0U7,1tr+
29484446679,ao,Calem.Club Áo Khoác Jean Ver 3 Form Nam Nữ Chất Denim Có Túi Trong,https://down-vn.img.susercontent.com/file/vn-11134207-81ztc-mrjyti21ui2q55@resize_w640_nl.webp,https://s.shopee.vn/5VVryAFBAy,50k+
50410909654,ao,[NEW] AIRFRAME JACKET - Áo khoác dù nhăn 3 lớp cao cổ có nút gài nam nữ,https://down-vn.img.susercontent.com/file/vn-11134207-81ztc-moie93j1m6mm38@resize_w640_nl.webp,https://s.shopee.vn/5LCRlrFoVx,6k+
29688383194,quan,(ĐEN STUDIO) Quần Short Nỉ 2 Da + Kaki Phù Hợp Cho Hè ( Q10S ),https://down-vn.img.susercontent.com/file/vn-11134207-81ztc-mr016187nsp144@resize_w640_nl.webp,https://s.shopee.vn/5q8iMmDuV4,30k+
18981444528,ao,Áo Sơ Mi Nam Đũi Cổ Bẻ Dài Tay ZUTEE Chất Liệu Đũi Xước Co Giãn,https://down-vn.img.susercontent.com/file/vn-11134207-81ztc-mttr0ogtnw8xc8@resize_w640_nl.webp,https://s.shopee.vn/5fpIATEXq3,200k+
54467851480,quan,CEDRIC CARGO PANTS - Quần Túi Hộp Dập Nổi Form Rộng Nam Nữ Whose Studio,https://down-vn.img.susercontent.com/file/vn-11134207-81ztc-mt4vvaug658oa5@resize_w640_nl.webp,https://s.shopee.vn/4fwkydILrs,142
49900522288,ao,Áo Len Cổ Bẻ Layer COOLCREW Form Rộng Unisex Phong Cách Hàn Quốc ALD084,https://down-vn.img.susercontent.com/file/vn-11134207-81ztc-mt7xbi3r4kjsf3@resize_w640_nl.webp,https://s.shopee.vn/50ZbNFH5By,2k+
50858506206,ao,COUTOUR FIT TSHIRT - Áo Thun Body Nam Nữ Vải Mỏng Nhẹ Co Giãn Whose Studio,https://down-vn.img.susercontent.com/file/vn-11134207-81ztc-mmuept0yq3uwc1@resize_w640_nl.webp,https://s.shopee.vn/5At1ZYGRr1,50k+
26019031269,quan,Quần Đùi Cộc Basic Chất Liệu Vải Da Cá Coton Menswear Pants Nam,https://down-vn.img.susercontent.com/file/vn-11134207-7ra0g-m9ii0h1ffa0eb1@resize_w640_nl.webp,https://s.shopee.vn/40h4BPKtDo,90k+
45256516258,ao,Áo Polo Len Khóa Zip Phong Cách Trẻ Trung Năng Động Lavi Studio SCAR,https://down-vn.img.susercontent.com/file/vn-11134207-81ztc-msgii5xol1qh81@resize_w640_nl.webp,https://s.shopee.vn/4LJua1JcXu,2k+
